{
	"class_name" : "PinholeCameraParameters",
	"extrinsic" : 
	[
		-0.88718733267332672,
		0.046628710716392463,
		0.45904727434210418,
		0.0,
		-0.42410857910581951,
		-0.47427904889246342,
		-0.77148642043169058,
		0.0,
		0.18174308755171648,
		-0.87913886680011333,
		0.44055000057721244,
		0.0,
		-0.03562547594698115,
		0.09688770742782038,
		0.14678877757434736,
		1.0
	],
	"intrinsic" : 
	{
		"height" : 749,
		"intrinsic_matrix" : 
		[
			648.65302743454458,
			0.0,
			0.0,
			0.0,
			648.65302743454458,
			0.0,
			684.5,
			374.0,
			1.0
		],
		"width" : 1370
	},
	"version_major" : 1,
	"version_minor" : 0
}